{"cameraMode":{"drawMode":0,"name":"Shaded","section":"Shading Mode"},"sceneLighting":true,"audioPlay":false,"sceneViewState":{"m_AlwaysRefresh":false,"showFog":true,"showSkybox":false,"showFlares":true,"showImageEffects":true,"showParticleSystems":true,"showVisualEffectGraphs":true,"m_FxEnabled":true},"in2DMode":false,"pivot":{"x":0.0051744431257247929,"y":-0.010101377964019776,"z":0.0021463632583618166},"rotation":{"x":0.00293597555719316,"y":-0.9924113750457764,"z":0.11982469260692597,"w":0.02801113948225975},"size":1.3485491275787354,"orthographic":false}