{"cameraMode":{"drawMode":0,"name":"Shaded","section":"Shading Mode"},"sceneLighting":false,"audioPlay":false,"sceneViewState":{"m_AlwaysRefresh":false,"showFog":true,"showSkybox":false,"showFlares":true,"showImageEffects":true,"showParticleSystems":true,"showVisualEffectGraphs":true,"m_FxEnabled":true},"in2DMode":false,"pivot":{"x":-10.435999870300293,"y":0.5350000858306885,"z":-0.056000009179115298},"rotation":{"x":0.08794696629047394,"y":-0.4326147437095642,"z":0.04244733974337578,"w":0.8962844610214233},"size":0.8660253882408142,"orthographic":false}