{"cameraMode":{"drawMode":0,"name":"Shaded","section":"Shading Mode"},"sceneLighting":false,"audioPlay":false,"sceneViewState":{"m_AlwaysRefresh":false,"showFog":true,"showSkybox":false,"showFlares":true,"showImageEffects":true,"showParticleSystems":true,"showVisualEffectGraphs":true,"m_FxEnabled":true},"in2DMode":false,"pivot":{"x":-10.768694877624512,"y":1.6759848594665528,"z":-0.33674144744873049},"rotation":{"x":0.22138428688049317,"y":-0.2698744833469391,"z":0.06438227742910385,"w":0.934897243976593},"size":2.8146893978118898,"orthographic":false}