{"cameraMode":{"drawMode":0,"name":"Shaded","section":"Shading Mode"},"sceneLighting":true,"audioPlay":false,"sceneViewState":{"m_AlwaysRefresh":false,"showFog":true,"showSkybox":false,"showFlares":true,"showImageEffects":true,"showParticleSystems":true,"showVisualEffectGraphs":true,"m_FxEnabled":true},"in2DMode":false,"pivot":{"x":0.01203155517578125,"y":0.051926612854003909,"z":-0.9286346435546875},"rotation":{"x":0.00293597555719316,"y":-0.9924113750457764,"z":0.11982469260692597,"w":0.02801113948225975},"size":0.8660253882408142,"orthographic":false}