{"cameraMode":{"drawMode":0,"name":"Shaded","section":"Shading Mode"},"sceneLighting":false,"audioPlay":false,"sceneViewState":{"m_AlwaysRefresh":false,"showFog":true,"showSkybox":false,"showFlares":true,"showImageEffects":true,"showParticleSystems":true,"showVisualEffectGraphs":true,"m_FxEnabled":true},"in2DMode":false,"pivot":{"x":-0.6744155883789063,"y":-31.371301651000978,"z":0.8043594360351563},"rotation":{"x":0.19670945405960084,"y":0.26484718918800356,"z":-0.05480896309018135,"w":0.9424302577972412},"size":121.89375305175781,"orthographic":false}