{"cameraMode":{"drawMode":0,"name":"Shaded","section":"Shading Mode"},"sceneLighting":true,"audioPlay":false,"sceneViewState":{"m_AlwaysRefresh":false,"showFog":true,"showSkybox":true,"showFlares":true,"showImageEffects":true,"showParticleSystems":true,"showVisualEffectGraphs":true,"m_FxEnabled":true},"in2DMode":false,"pivot":{"x":14.321677207946778,"y":26.573436737060548,"z":11.272263526916504},"rotation":{"x":0.21003487706184388,"y":-0.7899240255355835,"z":0.40106549859046938,"w":0.41367867588996889},"size":1.0187300443649293,"orthographic":false}