{"cameraMode":{"drawMode":0,"name":"Shaded","section":"Shading Mode"},"sceneLighting":true,"audioPlay":false,"sceneViewState":{"m_AlwaysRefresh":false,"showFog":true,"showSkybox":true,"showFlares":true,"showImageEffects":true,"showParticleSystems":true,"showVisualEffectGraphs":true,"m_FxEnabled":true},"in2DMode":false,"pivot":{"x":2.3013014793395998,"y":5.937839031219482,"z":-8.622469902038575},"rotation":{"x":0.3264445662498474,"y":-0.08350380510091782,"z":0.028964167460799218,"w":0.9410769939422607},"size":0.8660253882408142,"orthographic":false}