{"cameraMode":{"drawMode":0,"name":"Shaded","section":"Shading Mode"},"sceneLighting":false,"audioPlay":false,"sceneViewState":{"m_AlwaysRefresh":false,"showFog":true,"showSkybox":false,"showFlares":true,"showImageEffects":true,"showParticleSystems":true,"showVisualEffectGraphs":true,"m_FxEnabled":true},"in2DMode":false,"pivot":{"x":20.172683715820314,"y":2.9251224994659426,"z":20.05215835571289},"rotation":{"x":-0.38651713728904726,"y":0.23439739644527436,"z":-0.10224109143018723,"w":-0.8861234784126282},"size":2.8177154064178469,"orthographic":false}