{"cameraMode":{"drawMode":0,"name":"Shaded","section":"Shading Mode"},"sceneLighting":false,"audioPlay":false,"sceneViewState":{"m_AlwaysRefresh":false,"showFog":true,"showSkybox":false,"showFlares":true,"showImageEffects":true,"showParticleSystems":true,"showVisualEffectGraphs":true,"m_FxEnabled":true},"in2DMode":false,"pivot":{"x":-31.111913681030275,"y":3.8042125701904299,"z":7.056321620941162},"rotation":{"x":0.29102736711502077,"y":-0.4175708591938019,"z":0.14317384362220765,"w":0.8487968444824219},"size":2.4604532718658449,"orthographic":false}