{"cameraMode":{"drawMode":0,"name":"Shaded","section":"Shading Mode"},"sceneLighting":true,"audioPlay":false,"sceneViewState":{"m_AlwaysRefresh":false,"showFog":true,"showSkybox":false,"showFlares":true,"showImageEffects":true,"showParticleSystems":true,"showVisualEffectGraphs":true,"m_FxEnabled":true},"in2DMode":false,"pivot":{"x":-0.15291330218315125,"y":0.005098938941955566,"z":0.0012170076370239258},"rotation":{"x":0.002406931482255459,"y":-0.9949579238891602,"z":0.09597111493349076,"w":0.029565999284386636},"size":1.8302381038665772,"orthographic":false}