{"cameraMode":{"drawMode":0,"name":"Shaded","section":"Shading Mode"},"sceneLighting":false,"audioPlay":false,"sceneViewState":{"m_AlwaysRefresh":false,"showFog":true,"showSkybox":false,"showFlares":true,"showImageEffects":true,"showParticleSystems":true,"showVisualEffectGraphs":true,"m_FxEnabled":true},"in2DMode":false,"pivot":{"x":19.967071533203126,"y":0.2206265926361084,"z":19.85593032836914},"rotation":{"x":0.008404458872973919,"y":-0.9646285772323608,"z":0.2616771161556244,"w":0.030986987054347993},"size":1.2247449159622193,"orthographic":false}