{"cameraMode":{"drawMode":0,"name":"Shaded","section":"Shading Mode"},"sceneLighting":true,"audioPlay":false,"sceneViewState":{"m_AlwaysRefresh":false,"showFog":true,"showSkybox":true,"showFlares":true,"showImageEffects":true,"showParticleSystems":true,"showVisualEffectGraphs":true,"m_FxEnabled":true},"in2DMode":false,"pivot":{"x":-0.6697654128074646,"y":11.029512405395508,"z":17.065139770507814},"rotation":{"x":0.015009588561952114,"y":-0.9609535336494446,"z":0.2707904577255249,"w":0.0549364909529686},"size":2.4768874645233156,"orthographic":false}