{"cameraMode":{"drawMode":0,"name":"Shaded","section":"Shading Mode"},"sceneLighting":false,"audioPlay":false,"sceneViewState":{"m_AlwaysRefresh":false,"showFog":true,"showSkybox":false,"showFlares":true,"showImageEffects":true,"showParticleSystems":true,"showVisualEffectGraphs":true,"m_FxEnabled":true},"in2DMode":false,"pivot":{"x":4.425623893737793,"y":0.5746293067932129,"z":0.021291732788085939},"rotation":{"x":0.36540359258651736,"y":-0.32279860973358157,"z":0.13678720593452454,"w":0.8623155951499939},"size":3.4959816932678224,"orthographic":false}